DATAFLOW,LAST UPDATE,freq,unit,isced11,iscedf13,sex,geo,TIME_PERIOD,OBS_VALUE,OBS_FLAG,CONF_STATUS
ESTAT:EDUC_UOE_GRAD02$DEFAULTVIEW(1.0),20/05/26 23:00:00,Annual,Number,Upper secondary education - vocational,Total,Total,Albania,2021,3831,,
ESTAT:EDUC_UOE_GRAD02$DEFAULTVIEW(1.0),20/05/26 23:00:00,Annual,Number,Upper secondary education - vocational,Total,Total,Albania,2022,3676,,
ESTAT:EDUC_UOE_GRAD02$DEFAULTVIEW(1.0),20/05/26 23:00:00,Annual,Number,Upper secondary education - vocational,Total,Total,Albania,2023,3212,d,
ESTAT:EDUC_UOE_GRAD02$DEFAULTVIEW(1.0),20/05/26 23:00:00,Annual,Number,Upper secondary education - vocational,Total,Total,Austria,2015,77883,,
ESTAT:EDUC_UOE_GRAD02$DEFAULTVIEW(1.0),20/05/26 23:00:00,Annual,Number,Upper secondary education - vocational,Total,Total,Austria,2016,75020,,
ESTAT:EDUC_UOE_GRAD02$DEFAULTVIEW(1.0),20/05/26 23:00:00,Annual,Number,Upper secondary education - vocational,Total,Total,Austria,2017,72399,,
ESTAT:EDUC_UOE_GRAD02$DEFAULTVIEW(1.0),20/05/26 23:00:00,Annual,Number,Upper secondary education - vocational,Total,Total,Austria,2018,70006,,
ESTAT:EDUC_UOE_GRAD02$DEFAULTVIEW(1.0),20/05/26 23:00:00,Annual,Number,Upper secondary education - vocational,Total,Total,Austria,2019,67660,,
ESTAT:EDUC_UOE_GRAD02$DEFAULTVIEW(1.0),20/05/26 23:00:00,Annual,Number,Upper secondary education - vocational,Total,Total,Austria,2020,68644,,
ESTAT:EDUC_UOE_GRAD02$DEFAULTVIEW(1.0),20/05/26 23:00:00,Annual,Number,Upper secondary education - vocational,Total,Total,Austria,2021,68908,,
ESTAT:EDUC_UOE_GRAD02$DEFAULTVIEW(1.0),20/05/26 23:00:00,Annual,Number,Upper secondary education - vocational,Total,Total,Austria,2022,66231,,
ESTAT:EDUC_UOE_GRAD02$DEFAULTVIEW(1.0),20/05/26 23:00:00,Annual,Number,Upper secondary education - vocational,Total,Total,Austria,2023,68435,,
ESTAT:EDUC_UOE_GRAD02$DEFAULTVIEW(1.0),20/05/26 23:00:00,Annual,Number,Upper secondary education - vocational,Total,Total,Austria,2024,66109,,
ESTAT:EDUC_UOE_GRAD02$DEFAULTVIEW(1.0),20/05/26 23:00:00,Annual,Number,Upper secondary education - vocational,Total,Total,Bosnia and Herzegovina,2019,25078,,
ESTAT:EDUC_UOE_GRAD02$DEFAULTVIEW(1.0),20/05/26 23:00:00,Annual,Number,Upper secondary education - vocational,Total,Total,Bosnia and Herzegovina,2020,24130,,
ESTAT:EDUC_UOE_GRAD02$DEFAULTVIEW(1.0),20/05/26 23:00:00,Annual,Number,Upper secondary education - vocational,Total,Total,Bosnia and Herzegovina,2021,22932,,
ESTAT:EDUC_UOE_GRAD02$DEFAULTVIEW(1.0),20/05/26 23:00:00,Annual,Number,Upper secondary education - vocational,Total,Total,Bosnia and Herzegovina,2022,21449,,
ESTAT:EDUC_UOE_GRAD02$DEFAULTVIEW(1.0),20/05/26 23:00:00,Annual,Number,Upper secondary education - vocational,Total,Total,Bosnia and Herzegovina,2023,23137,,
ESTAT:EDUC_UOE_GRAD02$DEFAULTVIEW(1.0),20/05/26 23:00:00,Annual,Number,Upper secondary education - vocational,Total,Total,Bosnia and Herzegovina,2024,21763,,
ESTAT:EDUC_UOE_GRAD02$DEFAULTVIEW(1.0),20/05/26 23:00:00,Annual,Number,Upper secondary education - vocational,Total,Total,Belgium,2015,77890,,
ESTAT:EDUC_UOE_GRAD02$DEFAULTVIEW(1.0),20/05/26 23:00:00,Annual,Number,Upper secondary education - vocational,Total,Total,Belgium,2016,73389,,
ESTAT:EDUC_UOE_GRAD02$DEFAULTVIEW(1.0),20/05/26 23:00:00,Annual,Number,Upper secondary education - vocational,Total,Total,Belgium,2017,71364,,
ESTAT:EDUC_UOE_GRAD02$DEFAULTVIEW(1.0),20/05/26 23:00:00,Annual,Number,Upper secondary education - vocational,Total,Total,Belgium,2018,69678,,
ESTAT:EDUC_UOE_GRAD02$DEFAULTVIEW(1.0),20/05/26 23:00:00,Annual,Number,Upper secondary education - vocational,Total,Total,Belgium,2019,68316,,
ESTAT:EDUC_UOE_GRAD02$DEFAULTVIEW(1.0),20/05/26 23:00:00,Annual,Number,Upper secondary education - vocational,Total,Total,Belgium,2020,69053,,
ESTAT:EDUC_UOE_GRAD02$DEFAULTVIEW(1.0),20/05/26 23:00:00,Annual,Number,Upper secondary education - vocational,Total,Total,Belgium,2021,68369,,
ESTAT:EDUC_UOE_GRAD02$DEFAULTVIEW(1.0),20/05/26 23:00:00,Annual,Number,Upper secondary education - vocational,Total,Total,Belgium,2022,60848,,
ESTAT:EDUC_UOE_GRAD02$DEFAULTVIEW(1.0),20/05/26 23:00:00,Annual,Number,Upper secondary education - vocational,Total,Total,Belgium,2023,67167,,
ESTAT:EDUC_UOE_GRAD02$DEFAULTVIEW(1.0),20/05/26 23:00:00,Annual,Number,Upper secondary education - vocational,Total,Total,Belgium,2024,68669,,
ESTAT:EDUC_UOE_GRAD02$DEFAULTVIEW(1.0),20/05/26 23:00:00,Annual,Number,Upper secondary education - vocational,Total,Total,Bulgaria,2015,18467,,
ESTAT:EDUC_UOE_GRAD02$DEFAULTVIEW(1.0),20/05/26 23:00:00,Annual,Number,Upper secondary education - vocational,Total,Total,Bulgaria,2016,16014,,
ESTAT:EDUC_UOE_GRAD02$DEFAULTVIEW(1.0),20/05/26 23:00:00,Annual,Number,Upper secondary education - vocational,Total,Total,Bulgaria,2017,16138,,
ESTAT:EDUC_UOE_GRAD02$DEFAULTVIEW(1.0),20/05/26 23:00:00,Annual,Number,Upper secondary education - vocational,Total,Total,Bulgaria,2018,15882,,
ESTAT:EDUC_UOE_GRAD02$DEFAULTVIEW(1.0),20/05/26 23:00:00,Annual,Number,Upper secondary education - vocational,Total,Total,Bulgaria,2019,15813,,
ESTAT:EDUC_UOE_GRAD02$DEFAULTVIEW(1.0),20/05/26 23:00:00,Annual,Number,Upper secondary education - vocational,Total,Total,Bulgaria,2020,38694,b,
ESTAT:EDUC_UOE_GRAD02$DEFAULTVIEW(1.0),20/05/26 23:00:00,Annual,Number,Upper secondary education - vocational,Total,Total,Bulgaria,2021,36835,,
ESTAT:EDUC_UOE_GRAD02$DEFAULTVIEW(1.0),20/05/26 23:00:00,Annual,Number,Upper secondary education - vocational,Total,Total,Bulgaria,2022,39684,,
ESTAT:EDUC_UOE_GRAD02$DEFAULTVIEW(1.0),20/05/26 23:00:00,Annual,Number,Upper secondary education - vocational,Total,Total,Bulgaria,2023,46268,,
ESTAT:EDUC_UOE_GRAD02$DEFAULTVIEW(1.0),20/05/26 23:00:00,Annual,Number,Upper secondary education - vocational,Total,Total,Bulgaria,2024,50427,,
ESTAT:EDUC_UOE_GRAD02$DEFAULTVIEW(1.0),20/05/26 23:00:00,Annual,Number,Upper secondary education - vocational,Total,Total,Switzerland,2015,69622,,
ESTAT:EDUC_UOE_GRAD02$DEFAULTVIEW(1.0),20/05/26 23:00:00,Annual,Number,Upper secondary education - vocational,Total,Total,Switzerland,2016,69196,,
ESTAT:EDUC_UOE_GRAD02$DEFAULTVIEW(1.0),20/05/26 23:00:00,Annual,Number,Upper secondary education - vocational,Total,Total,Switzerland,2017,68851,,
ESTAT:EDUC_UOE_GRAD02$DEFAULTVIEW(1.0),20/05/26 23:00:00,Annual,Number,Upper secondary education - vocational,Total,Total,Switzerland,2018,69103,,
ESTAT:EDUC_UOE_GRAD02$DEFAULTVIEW(1.0),20/05/26 23:00:00,Annual,Number,Upper secondary education - vocational,Total,Total,Switzerland,2019,68010,,
ESTAT:EDUC_UOE_GRAD02$DEFAULTVIEW(1.0),20/05/26 23:00:00,Annual,Number,Upper secondary education - vocational,Total,Total,Switzerland,2020,70205,,
ESTAT:EDUC_UOE_GRAD02$DEFAULTVIEW(1.0),20/05/26 23:00:00,Annual,Number,Upper secondary education - vocational,Total,Total,Switzerland,2021,66066,,
ESTAT:EDUC_UOE_GRAD02$DEFAULTVIEW(1.0),20/05/26 23:00:00,Annual,Number,Upper secondary education - vocational,Total,Total,Switzerland,2022,65830,,
ESTAT:EDUC_UOE_GRAD02$DEFAULTVIEW(1.0),20/05/26 23:00:00,Annual,Number,Upper secondary education - vocational,Total,Total,Switzerland,2023,65746,,
ESTAT:EDUC_UOE_GRAD02$DEFAULTVIEW(1.0),20/05/26 23:00:00,Annual,Number,Upper secondary education - vocational,Total,Total,Switzerland,2024,64732,,
ESTAT:EDUC_UOE_GRAD02$DEFAULTVIEW(1.0),20/05/26 23:00:00,Annual,Number,Upper secondary education - vocational,Total,Total,Cyprus,2015,1237,,
ESTAT:EDUC_UOE_GRAD02$DEFAULTVIEW(1.0),20/05/26 23:00:00,Annual,Number,Upper secondary education - vocational,Total,Total,Cyprus,2016,1373,,
ESTAT:EDUC_UOE_GRAD02$DEFAULTVIEW(1.0),20/05/26 23:00:00,Annual,Number,Upper secondary education - vocational,Total,Total,Cyprus,2017,1238,,
ESTAT:EDUC_UOE_GRAD02$DEFAULTVIEW(1.0),20/05/26 23:00:00,Annual,Number,Upper secondary education - vocational,Total,Total,Cyprus,2018,1275,,
ESTAT:EDUC_UOE_GRAD02$DEFAULTVIEW(1.0),20/05/26 23:00:00,Annual,Number,Upper secondary education - vocational,Total,Total,Cyprus,2019,1349,,
ESTAT:EDUC_UOE_GRAD02$DEFAULTVIEW(1.0),20/05/26 23:00:00,Annual,Number,Upper secondary education - vocational,Total,Total,Cyprus,2020,1241,,
ESTAT:EDUC_UOE_GRAD02$DEFAULTVIEW(1.0),20/05/26 23:00:00,Annual,Number,Upper secondary education - vocational,Total,Total,Cyprus,2021,1300,,
ESTAT:EDUC_UOE_GRAD02$DEFAULTVIEW(1.0),20/05/26 23:00:00,Annual,Number,Upper secondary education - vocational,Total,Total,Cyprus,2022,1464,,
ESTAT:EDUC_UOE_GRAD02$DEFAULTVIEW(1.0),20/05/26 23:00:00,Annual,Number,Upper secondary education - vocational,Total,Total,Cyprus,2023,1478,,
ESTAT:EDUC_UOE_GRAD02$DEFAULTVIEW(1.0),20/05/26 23:00:00,Annual,Number,Upper secondary education - vocational,Total,Total,Cyprus,2024,1539,,
ESTAT:EDUC_UOE_GRAD02$DEFAULTVIEW(1.0),20/05/26 23:00:00,Annual,Number,Upper secondary education - vocational,Total,Total,Czechia,2015,61603,,
ESTAT:EDUC_UOE_GRAD02$DEFAULTVIEW(1.0),20/05/26 23:00:00,Annual,Number,Upper secondary education - vocational,Total,Total,Czechia,2016,56715,,
ESTAT:EDUC_UOE_GRAD02$DEFAULTVIEW(1.0),20/05/26 23:00:00,Annual,Number,Upper secondary education - vocational,Total,Total,Czechia,2017,57725,,
ESTAT:EDUC_UOE_GRAD02$DEFAULTVIEW(1.0),20/05/26 23:00:00,Annual,Number,Upper secondary education - vocational,Total,Total,Czechia,2018,57188,,
ESTAT:EDUC_UOE_GRAD02$DEFAULTVIEW(1.0),20/05/26 23:00:00,Annual,Number,Upper secondary education - vocational,Total,Total,Czechia,2019,58131,,
ESTAT:EDUC_UOE_GRAD02$DEFAULTVIEW(1.0),20/05/26 23:00:00,Annual,Number,Upper secondary education - vocational,Total,Total,Czechia,2020,62724,,
ESTAT:EDUC_UOE_GRAD02$DEFAULTVIEW(1.0),20/05/26 23:00:00,Annual,Number,Upper secondary education - vocational,Total,Total,Czechia,2021,67710,,
ESTAT:EDUC_UOE_GRAD02$DEFAULTVIEW(1.0),20/05/26 23:00:00,Annual,Number,Upper secondary education - vocational,Total,Total,Czechia,2022,61936,,
ESTAT:EDUC_UOE_GRAD02$DEFAULTVIEW(1.0),20/05/26 23:00:00,Annual,Number,Upper secondary education - vocational,Total,Total,Czechia,2023,66193,,
ESTAT:EDUC_UOE_GRAD02$DEFAULTVIEW(1.0),20/05/26 23:00:00,Annual,Number,Upper secondary education - vocational,Total,Total,Czechia,2024,69903,,
ESTAT:EDUC_UOE_GRAD02$DEFAULTVIEW(1.0),20/05/26 23:00:00,Annual,Number,Upper secondary education - vocational,Total,Total,Germany,2015,340052,,
ESTAT:EDUC_UOE_GRAD02$DEFAULTVIEW(1.0),20/05/26 23:00:00,Annual,Number,Upper secondary education - vocational,Total,Total,Germany,2016,332882,,
ESTAT:EDUC_UOE_GRAD02$DEFAULTVIEW(1.0),20/05/26 23:00:00,Annual,Number,Upper secondary education - vocational,Total,Total,Germany,2017,319068,,
ESTAT:EDUC_UOE_GRAD02$DEFAULTVIEW(1.0),20/05/26 23:00:00,Annual,Number,Upper secondary education - vocational,Total,Total,Germany,2018,314236,,
ESTAT:EDUC_UOE_GRAD02$DEFAULTVIEW(1.0),20/05/26 23:00:00,Annual,Number,Upper secondary education - vocational,Total,Total,Germany,2019,320041,,
ESTAT:EDUC_UOE_GRAD02$DEFAULTVIEW(1.0),20/05/26 23:00:00,Annual,Number,Upper secondary education - vocational,Total,Total,Germany,2020,314114,,
ESTAT:EDUC_UOE_GRAD02$DEFAULTVIEW(1.0),20/05/26 23:00:00,Annual,Number,Upper secondary education - vocational,Total,Total,Germany,2021,319253,,
ESTAT:EDUC_UOE_GRAD02$DEFAULTVIEW(1.0),20/05/26 23:00:00,Annual,Number,Upper secondary education - vocational,Total,Total,Germany,2022,316066,,
ESTAT:EDUC_UOE_GRAD02$DEFAULTVIEW(1.0),20/05/26 23:00:00,Annual,Number,Upper secondary education - vocational,Total,Total,Germany,2023,298418,,
ESTAT:EDUC_UOE_GRAD02$DEFAULTVIEW(1.0),20/05/26 23:00:00,Annual,Number,Upper secondary education - vocational,Total,Total,Germany,2024,295358,,
ESTAT:EDUC_UOE_GRAD02$DEFAULTVIEW(1.0),20/05/26 23:00:00,Annual,Number,Upper secondary education - vocational,Total,Total,Denmark,2015,32042,,
ESTAT:EDUC_UOE_GRAD02$DEFAULTVIEW(1.0),20/05/26 23:00:00,Annual,Number,Upper secondary education - vocational,Total,Total,Denmark,2016,33645,,
ESTAT:EDUC_UOE_GRAD02$DEFAULTVIEW(1.0),20/05/26 23:00:00,Annual,Number,Upper secondary education - vocational,Total,Total,Denmark,2017,30931,,
ESTAT:EDUC_UOE_GRAD02$DEFAULTVIEW(1.0),20/05/26 23:00:00,Annual,Number,Upper secondary education - vocational,Total,Total,Denmark,2018,29072,,
ESTAT:EDUC_UOE_GRAD02$DEFAULTVIEW(1.0),20/05/26 23:00:00,Annual,Number,Upper secondary education - vocational,Total,Total,Denmark,2019,26014,,
ESTAT:EDUC_UOE_GRAD02$DEFAULTVIEW(1.0),20/05/26 23:00:00,Annual,Number,Upper secondary education - vocational,Total,Total,Denmark,2020,25880,,
ESTAT:EDUC_UOE_GRAD02$DEFAULTVIEW(1.0),20/05/26 23:00:00,Annual,Number,Upper secondary education - vocational,Total,Total,Denmark,2021,26007,,
ESTAT:EDUC_UOE_GRAD02$DEFAULTVIEW(1.0),20/05/26 23:00:00,Annual,Number,Upper secondary education - vocational,Total,Total,Denmark,2022,25975,,
ESTAT:EDUC_UOE_GRAD02$DEFAULTVIEW(1.0),20/05/26 23:00:00,Annual,Number,Upper secondary education - vocational,Total,Total,Denmark,2023,25256,,
ESTAT:EDUC_UOE_GRAD02$DEFAULTVIEW(1.0),20/05/26 23:00:00,Annual,Number,Upper secondary education - vocational,Total,Total,Denmark,2024,28533,,
ESTAT:EDUC_UOE_GRAD02$DEFAULTVIEW(1.0),20/05/26 23:00:00,Annual,Number,Upper secondary education - vocational,Total,Total,Estonia,2015,3541,,
ESTAT:EDUC_UOE_GRAD02$DEFAULTVIEW(1.0),20/05/26 23:00:00,Annual,Number,Upper secondary education - vocational,Total,Total,Estonia,2016,2500,,
ESTAT:EDUC_UOE_GRAD02$DEFAULTVIEW(1.0),20/05/26 23:00:00,Annual,Number,Upper secondary education - vocational,Total,Total,Estonia,2017,2627,,
ESTAT:EDUC_UOE_GRAD02$DEFAULTVIEW(1.0),20/05/26 23:00:00,Annual,Number,Upper secondary education - vocational,Total,Total,Estonia,2018,2751,,
ESTAT:EDUC_UOE_GRAD02$DEFAULTVIEW(1.0),20/05/26 23:00:00,Annual,Number,Upper secondary education - vocational,Total,Total,Estonia,2019,2416,,
ESTAT:EDUC_UOE_GRAD02$DEFAULTVIEW(1.0),20/05/26 23:00:00,Annual,Number,Upper secondary education - vocational,Total,Total,Estonia,2020,2138,,
ESTAT:EDUC_UOE_GRAD02$DEFAULTVIEW(1.0),20/05/26 23:00:00,Annual,Number,Upper secondary education - vocational,Total,Total,Estonia,2021,2109,,
ESTAT:EDUC_UOE_GRAD02$DEFAULTVIEW(1.0),20/05/26 23:00:00,Annual,Number,Upper secondary education - vocational,Total,Total,Estonia,2022,2199,,
ESTAT:EDUC_UOE_GRAD02$DEFAULTVIEW(1.0),20/05/26 23:00:00,Annual,Number,Upper secondary education - vocational,Total,Total,Estonia,2023,2236,,
ESTAT:EDUC_UOE_GRAD02$DEFAULTVIEW(1.0),20/05/26 23:00:00,Annual,Number,Upper secondary education - vocational,Total,Total,Estonia,2024,2462,,
ESTAT:EDUC_UOE_GRAD02$DEFAULTVIEW(1.0),20/05/26 23:00:00,Annual,Number,Upper secondary education - vocational,Total,Total,Greece,2015,30088,,
ESTAT:EDUC_UOE_GRAD02$DEFAULTVIEW(1.0),20/05/26 23:00:00,Annual,Number,Upper secondary education - vocational,Total,Total,Greece,2016,25274,,
ESTAT:EDUC_UOE_GRAD02$DEFAULTVIEW(1.0),20/05/26 23:00:00,Annual,Number,Upper secondary education - vocational,Total,Total,Greece,2017,28626,,
ESTAT:EDUC_UOE_GRAD02$DEFAULTVIEW(1.0),20/05/26 23:00:00,Annual,Number,Upper secondary education - vocational,Total,Total,Greece,2018,26742,,
ESTAT:EDUC_UOE_GRAD02$DEFAULTVIEW(1.0),20/05/26 23:00:00,Annual,Number,Upper secondary education - vocational,Total,Total,Greece,2019,23132,,
ESTAT:EDUC_UOE_GRAD02$DEFAULTVIEW(1.0),20/05/26 23:00:00,Annual,Number,Upper secondary education - vocational,Total,Total,Greece,2020,28706,,
ESTAT:EDUC_UOE_GRAD02$DEFAULTVIEW(1.0),20/05/26 23:00:00,Annual,Number,Upper secondary education - vocational,Total,Total,Greece,2021,35530,,
ESTAT:EDUC_UOE_GRAD02$DEFAULTVIEW(1.0),20/05/26 23:00:00,Annual,Number,Upper secondary education - vocational,Total,Total,Greece,2022,34969,,
ESTAT:EDUC_UOE_GRAD02$DEFAULTVIEW(1.0),20/05/26 23:00:00,Annual,Number,Upper secondary education - vocational,Total,Total,Greece,2023,33561,,
ESTAT:EDUC_UOE_GRAD02$DEFAULTVIEW(1.0),20/05/26 23:00:00,Annual,Number,Upper secondary education - vocational,Total,Total,Greece,2024,33578,,
ESTAT:EDUC_UOE_GRAD02$DEFAULTVIEW(1.0),20/05/26 23:00:00,Annual,Number,Upper secondary education - vocational,Total,Total,Spain,2015,152059,,
ESTAT:EDUC_UOE_GRAD02$DEFAULTVIEW(1.0),20/05/26 23:00:00,Annual,Number,Upper secondary education - vocational,Total,Total,Spain,2016,162330,,
ESTAT:EDUC_UOE_GRAD02$DEFAULTVIEW(1.0),20/05/26 23:00:00,Annual,Number,Upper secondary education - vocational,Total,Total,Spain,2017,165332,,
ESTAT:EDUC_UOE_GRAD02$DEFAULTVIEW(1.0),20/05/26 23:00:00,Annual,Number,Upper secondary education - vocational,Total,Total,Spain,2018,166948,,
ESTAT:EDUC_UOE_GRAD02$DEFAULTVIEW(1.0),20/05/26 23:00:00,Annual,Number,Upper secondary education - vocational,Total,Total,Spain,2019,191368,,
ESTAT:EDUC_UOE_GRAD02$DEFAULTVIEW(1.0),20/05/26 23:00:00,Annual,Number,Upper secondary education - vocational,Total,Total,Spain,2020,197482,,
ESTAT:EDUC_UOE_GRAD02$DEFAULTVIEW(1.0),20/05/26 23:00:00,Annual,Number,Upper secondary education - vocational,Total,Total,Spain,2021,224813,,
ESTAT:EDUC_UOE_GRAD02$DEFAULTVIEW(1.0),20/05/26 23:00:00,Annual,Number,Upper secondary education - vocational,Total,Total,Spain,2022,217624,,
ESTAT:EDUC_UOE_GRAD02$DEFAULTVIEW(1.0),20/05/26 23:00:00,Annual,Number,Upper secondary education - vocational,Total,Total,Spain,2023,226220,,
ESTAT:EDUC_UOE_GRAD02$DEFAULTVIEW(1.0),20/05/26 23:00:00,Annual,Number,Upper secondary education - vocational,Total,Total,Spain,2024,233588,,
ESTAT:EDUC_UOE_GRAD02$DEFAULTVIEW(1.0),20/05/26 23:00:00,Annual,Number,Upper secondary education - vocational,Total,Total,European Union - 27 countries (from 2020),2015,2427660,,
ESTAT:EDUC_UOE_GRAD02$DEFAULTVIEW(1.0),20/05/26 23:00:00,Annual,Number,Upper secondary education - vocational,Total,Total,European Union - 27 countries (from 2020),2016,2345964,,
ESTAT:EDUC_UOE_GRAD02$DEFAULTVIEW(1.0),20/05/26 23:00:00,Annual,Number,Upper secondary education - vocational,Total,Total,European Union - 27 countries (from 2020),2017,2355223,,
ESTAT:EDUC_UOE_GRAD02$DEFAULTVIEW(1.0),20/05/26 23:00:00,Annual,Number,Upper secondary education - vocational,Total,Total,European Union - 27 countries (from 2020),2018,2209514,d,
ESTAT:EDUC_UOE_GRAD02$DEFAULTVIEW(1.0),20/05/26 23:00:00,Annual,Number,Upper secondary education - vocational,Total,Total,European Union - 27 countries (from 2020),2019,2281396,,
ESTAT:EDUC_UOE_GRAD02$DEFAULTVIEW(1.0),20/05/26 23:00:00,Annual,Number,Upper secondary education - vocational,Total,Total,European Union - 27 countries (from 2020),2020,2357333,,
ESTAT:EDUC_UOE_GRAD02$DEFAULTVIEW(1.0),20/05/26 23:00:00,Annual,Number,Upper secondary education - vocational,Total,Total,European Union - 27 countries (from 2020),2021,2214568,,
ESTAT:EDUC_UOE_GRAD02$DEFAULTVIEW(1.0),20/05/26 23:00:00,Annual,Number,Upper secondary education - vocational,Total,Total,European Union - 27 countries (from 2020),2022,2233930,,
ESTAT:EDUC_UOE_GRAD02$DEFAULTVIEW(1.0),20/05/26 23:00:00,Annual,Number,Upper secondary education - vocational,Total,Total,European Union - 27 countries (from 2020),2023,2192892,,
ESTAT:EDUC_UOE_GRAD02$DEFAULTVIEW(1.0),20/05/26 23:00:00,Annual,Number,Upper secondary education - vocational,Total,Total,European Union - 27 countries (from 2020),2024,2204432,d,
ESTAT:EDUC_UOE_GRAD02$DEFAULTVIEW(1.0),20/05/26 23:00:00,Annual,Number,Upper secondary education - vocational,Total,Total,European Union - 28 countries (2013-2020),2016,3120831,,
ESTAT:EDUC_UOE_GRAD02$DEFAULTVIEW(1.0),20/05/26 23:00:00,Annual,Number,Upper secondary education - vocational,Total,Total,European Union - 28 countries (2013-2020),2017,3124809,,
ESTAT:EDUC_UOE_GRAD02$DEFAULTVIEW(1.0),20/05/26 23:00:00,Annual,Number,Upper secondary education - vocational,Total,Total,European Union - 28 countries (2013-2020),2018,2908310,d,
ESTAT:EDUC_UOE_GRAD02$DEFAULTVIEW(1.0),20/05/26 23:00:00,Annual,Number,Upper secondary education - vocational,Total,Total,European Union - 28 countries (2013-2020),2019,2955718,,
ESTAT:EDUC_UOE_GRAD02$DEFAULTVIEW(1.0),20/05/26 23:00:00,Annual,Number,Upper secondary education - vocational,Total,Total,Finland,2015,68461,,
ESTAT:EDUC_UOE_GRAD02$DEFAULTVIEW(1.0),20/05/26 23:00:00,Annual,Number,Upper secondary education - vocational,Total,Total,Finland,2016,67590,,
ESTAT:EDUC_UOE_GRAD02$DEFAULTVIEW(1.0),20/05/26 23:00:00,Annual,Number,Upper secondary education - vocational,Total,Total,Finland,2017,69395,,
ESTAT:EDUC_UOE_GRAD02$DEFAULTVIEW(1.0),20/05/26 23:00:00,Annual,Number,Upper secondary education - vocational,Total,Total,Finland,2018,70578,,
ESTAT:EDUC_UOE_GRAD02$DEFAULTVIEW(1.0),20/05/26 23:00:00,Annual,Number,Upper secondary education - vocational,Total,Total,Finland,2019,63210,,
ESTAT:EDUC_UOE_GRAD02$DEFAULTVIEW(1.0),20/05/26 23:00:00,Annual,Number,Upper secondary education - vocational,Total,Total,Finland,2020,57495,,
ESTAT:EDUC_UOE_GRAD02$DEFAULTVIEW(1.0),20/05/26 23:00:00,Annual,Number,Upper secondary education - vocational,Total,Total,Finland,2021,60388,,
ESTAT:EDUC_UOE_GRAD02$DEFAULTVIEW(1.0),20/05/26 23:00:00,Annual,Number,Upper secondary education - vocational,Total,Total,Finland,2022,59529,,
ESTAT:EDUC_UOE_GRAD02$DEFAULTVIEW(1.0),20/05/26 23:00:00,Annual,Number,Upper secondary education - vocational,Total,Total,Finland,2023,60772,,
ESTAT:EDUC_UOE_GRAD02$DEFAULTVIEW(1.0),20/05/26 23:00:00,Annual,Number,Upper secondary education - vocational,Total,Total,Finland,2024,63971,,
ESTAT:EDUC_UOE_GRAD02$DEFAULTVIEW(1.0),20/05/26 23:00:00,Annual,Number,Upper secondary education - vocational,Total,Total,France,2015,581162,,
ESTAT:EDUC_UOE_GRAD02$DEFAULTVIEW(1.0),20/05/26 23:00:00,Annual,Number,Upper secondary education - vocational,Total,Total,France,2016,583288,,
ESTAT:EDUC_UOE_GRAD02$DEFAULTVIEW(1.0),20/05/26 23:00:00,Annual,Number,Upper secondary education - vocational,Total,Total,France,2017,586594,,
ESTAT:EDUC_UOE_GRAD02$DEFAULTVIEW(1.0),20/05/26 23:00:00,Annual,Number,Upper secondary education - vocational,Total,Total,France,2018,577856,d,
ESTAT:EDUC_UOE_GRAD02$DEFAULTVIEW(1.0),20/05/26 23:00:00,Annual,Number,Upper secondary education - vocational,Total,Total,France,2019,562198,,
ESTAT:EDUC_UOE_GRAD02$DEFAULTVIEW(1.0),20/05/26 23:00:00,Annual,Number,Upper secondary education - vocational,Total,Total,France,2020,595334,,
ESTAT:EDUC_UOE_GRAD02$DEFAULTVIEW(1.0),20/05/26 23:00:00,Annual,Number,Upper secondary education - vocational,Total,Total,France,2021,408264,,
ESTAT:EDUC_UOE_GRAD02$DEFAULTVIEW(1.0),20/05/26 23:00:00,Annual,Number,Upper secondary education - vocational,Total,Total,France,2022,409917,,
ESTAT:EDUC_UOE_GRAD02$DEFAULTVIEW(1.0),20/05/26 23:00:00,Annual,Number,Upper secondary education - vocational,Total,Total,France,2023,403342,,
ESTAT:EDUC_UOE_GRAD02$DEFAULTVIEW(1.0),20/05/26 23:00:00,Annual,Number,Upper secondary education - vocational,Total,Total,France,2024,411407,,
ESTAT:EDUC_UOE_GRAD02$DEFAULTVIEW(1.0),20/05/26 23:00:00,Annual,Number,Upper secondary education - vocational,Total,Total,Georgia,2023,,m,
ESTAT:EDUC_UOE_GRAD02$DEFAULTVIEW(1.0),20/05/26 23:00:00,Annual,Number,Upper secondary education - vocational,Total,Total,Croatia,2015,35273,d,
ESTAT:EDUC_UOE_GRAD02$DEFAULTVIEW(1.0),20/05/26 23:00:00,Annual,Number,Upper secondary education - vocational,Total,Total,Croatia,2016,33487,,
ESTAT:EDUC_UOE_GRAD02$DEFAULTVIEW(1.0),20/05/26 23:00:00,Annual,Number,Upper secondary education - vocational,Total,Total,Croatia,2017,31402,,
ESTAT:EDUC_UOE_GRAD02$DEFAULTVIEW(1.0),20/05/26 23:00:00,Annual,Number,Upper secondary education - vocational,Total,Total,Croatia,2018,30164,,
ESTAT:EDUC_UOE_GRAD02$DEFAULTVIEW(1.0),20/05/26 23:00:00,Annual,Number,Upper secondary education - vocational,Total,Total,Croatia,2019,28217,,
ESTAT:EDUC_UOE_GRAD02$DEFAULTVIEW(1.0),20/05/26 23:00:00,Annual,Number,Upper secondary education - vocational,Total,Total,Croatia,2020,27248,,
ESTAT:EDUC_UOE_GRAD02$DEFAULTVIEW(1.0),20/05/26 23:00:00,Annual,Number,Upper secondary education - vocational,Total,Total,Croatia,2021,26891,,
ESTAT:EDUC_UOE_GRAD02$DEFAULTVIEW(1.0),20/05/26 23:00:00,Annual,Number,Upper secondary education - vocational,Total,Total,Croatia,2022,27064,,
ESTAT:EDUC_UOE_GRAD02$DEFAULTVIEW(1.0),20/05/26 23:00:00,Annual,Number,Upper secondary education - vocational,Total,Total,Croatia,2023,27537,,
ESTAT:EDUC_UOE_GRAD02$DEFAULTVIEW(1.0),20/05/26 23:00:00,Annual,Number,Upper secondary education - vocational,Total,Total,Croatia,2024,27541,,
ESTAT:EDUC_UOE_GRAD02$DEFAULTVIEW(1.0),20/05/26 23:00:00,Annual,Number,Upper secondary education - vocational,Total,Total,Hungary,2015,23513,,
ESTAT:EDUC_UOE_GRAD02$DEFAULTVIEW(1.0),20/05/26 23:00:00,Annual,Number,Upper secondary education - vocational,Total,Total,Hungary,2016,22319,,
ESTAT:EDUC_UOE_GRAD02$DEFAULTVIEW(1.0),20/05/26 23:00:00,Annual,Number,Upper secondary education - vocational,Total,Total,Hungary,2017,20718,,
ESTAT:EDUC_UOE_GRAD02$DEFAULTVIEW(1.0),20/05/26 23:00:00,Annual,Number,Upper secondary education - vocational,Total,Total,Hungary,2018,21467,,
ESTAT:EDUC_UOE_GRAD02$DEFAULTVIEW(1.0),20/05/26 23:00:00,Annual,Number,Upper secondary education - vocational,Total,Total,Hungary,2019,20854,,
ESTAT:EDUC_UOE_GRAD02$DEFAULTVIEW(1.0),20/05/26 23:00:00,Annual,Number,Upper secondary education - vocational,Total,Total,Hungary,2020,20538,,
ESTAT:EDUC_UOE_GRAD02$DEFAULTVIEW(1.0),20/05/26 23:00:00,Annual,Number,Upper secondary education - vocational,Total,Total,Hungary,2021,23749,,
ESTAT:EDUC_UOE_GRAD02$DEFAULTVIEW(1.0),20/05/26 23:00:00,Annual,Number,Upper secondary education - vocational,Total,Total,Hungary,2022,24529,,
ESTAT:EDUC_UOE_GRAD02$DEFAULTVIEW(1.0),20/05/26 23:00:00,Annual,Number,Upper secondary education - vocational,Total,Total,Hungary,2023,26927,,
ESTAT:EDUC_UOE_GRAD02$DEFAULTVIEW(1.0),20/05/26 23:00:00,Annual,Number,Upper secondary education - vocational,Total,Total,Hungary,2024,35761,,
ESTAT:EDUC_UOE_GRAD02$DEFAULTVIEW(1.0),20/05/26 23:00:00,Annual,Number,Upper secondary education - vocational,Total,Total,Ireland,2015,22370,,
ESTAT:EDUC_UOE_GRAD02$DEFAULTVIEW(1.0),20/05/26 23:00:00,Annual,Number,Upper secondary education - vocational,Total,Total,Ireland,2016,24141,,
ESTAT:EDUC_UOE_GRAD02$DEFAULTVIEW(1.0),20/05/26 23:00:00,Annual,Number,Upper secondary education - vocational,Total,Total,Ireland,2017,25012,,
ESTAT:EDUC_UOE_GRAD02$DEFAULTVIEW(1.0),20/05/26 23:00:00,Annual,Number,Upper secondary education - vocational,Total,Total,Ireland,2018,22842,d,
ESTAT:EDUC_UOE_GRAD02$DEFAULTVIEW(1.0),20/05/26 23:00:00,Annual,Number,Upper secondary education - vocational,Total,Total,Ireland,2019,20977,d,
ESTAT:EDUC_UOE_GRAD02$DEFAULTVIEW(1.0),20/05/26 23:00:00,Annual,Number,Upper secondary education - vocational,Total,Total,Ireland,2020,18405,,
ESTAT:EDUC_UOE_GRAD02$DEFAULTVIEW(1.0),20/05/26 23:00:00,Annual,Number,Upper secondary education - vocational,Total,Total,Ireland,2021,18224,,
ESTAT:EDUC_UOE_GRAD02$DEFAULTVIEW(1.0),20/05/26 23:00:00,Annual,Number,Upper secondary education - vocational,Total,Total,Ireland,2022,16696,,
ESTAT:EDUC_UOE_GRAD02$DEFAULTVIEW(1.0),20/05/26 23:00:00,Annual,Number,Upper secondary education - vocational,Total,Total,Ireland,2023,18042,,
ESTAT:EDUC_UOE_GRAD02$DEFAULTVIEW(1.0),20/05/26 23:00:00,Annual,Number,Upper secondary education - vocational,Total,Total,Iceland,2015,1960,,
ESTAT:EDUC_UOE_GRAD02$DEFAULTVIEW(1.0),20/05/26 23:00:00,Annual,Number,Upper secondary education - vocational,Total,Total,Iceland,2016,2082,,
ESTAT:EDUC_UOE_GRAD02$DEFAULTVIEW(1.0),20/05/26 23:00:00,Annual,Number,Upper secondary education - vocational,Total,Total,Iceland,2017,1703,,
ESTAT:EDUC_UOE_GRAD02$DEFAULTVIEW(1.0),20/05/26 23:00:00,Annual,Number,Upper secondary education - vocational,Total,Total,Iceland,2018,1694,,
ESTAT:EDUC_UOE_GRAD02$DEFAULTVIEW(1.0),20/05/26 23:00:00,Annual,Number,Upper secondary education - vocational,Total,Total,Iceland,2019,1637,,
ESTAT:EDUC_UOE_GRAD02$DEFAULTVIEW(1.0),20/05/26 23:00:00,Annual,Number,Upper secondary education - vocational,Total,Total,Iceland,2020,1831,,
ESTAT:EDUC_UOE_GRAD02$DEFAULTVIEW(1.0),20/05/26 23:00:00,Annual,Number,Upper secondary education - vocational,Total,Total,Iceland,2021,1771,,
ESTAT:EDUC_UOE_GRAD02$DEFAULTVIEW(1.0),20/05/26 23:00:00,Annual,Number,Upper secondary education - vocational,Total,Total,Iceland,2022,2042,,
ESTAT:EDUC_UOE_GRAD02$DEFAULTVIEW(1.0),20/05/26 23:00:00,Annual,Number,Upper secondary education - vocational,Total,Total,Iceland,2023,2062,,
ESTAT:EDUC_UOE_GRAD02$DEFAULTVIEW(1.0),20/05/26 23:00:00,Annual,Number,Upper secondary education - vocational,Total,Total,Iceland,2024,2062,,
ESTAT:EDUC_UOE_GRAD02$DEFAULTVIEW(1.0),20/05/26 23:00:00,Annual,Number,Upper secondary education - vocational,Total,Total,Italy,2015,307253,,
ESTAT:EDUC_UOE_GRAD02$DEFAULTVIEW(1.0),20/05/26 23:00:00,Annual,Number,Upper secondary education - vocational,Total,Total,Italy,2016,306318,,
ESTAT:EDUC_UOE_GRAD02$DEFAULTVIEW(1.0),20/05/26 23:00:00,Annual,Number,Upper secondary education - vocational,Total,Total,Italy,2017,322002,d,
ESTAT:EDUC_UOE_GRAD02$DEFAULTVIEW(1.0),20/05/26 23:00:00,Annual,Number,Upper secondary education - vocational,Total,Total,Italy,2018,300592,d,
ESTAT:EDUC_UOE_GRAD02$DEFAULTVIEW(1.0),20/05/26 23:00:00,Annual,Number,Upper secondary education - vocational,Total,Total,Italy,2019,299830,d,
ESTAT:EDUC_UOE_GRAD02$DEFAULTVIEW(1.0),20/05/26 23:00:00,Annual,Number,Upper secondary education - vocational,Total,Total,Italy,2020,310389,p,
ESTAT:EDUC_UOE_GRAD02$DEFAULTVIEW(1.0),20/05/26 23:00:00,Annual,Number,Upper secondary education - vocational,Total,Total,Italy,2021,305131,,
ESTAT:EDUC_UOE_GRAD02$DEFAULTVIEW(1.0),20/05/26 23:00:00,Annual,Number,Upper secondary education - vocational,Total,Total,Italy,2022,296990,,
ESTAT:EDUC_UOE_GRAD02$DEFAULTVIEW(1.0),20/05/26 23:00:00,Annual,Number,Upper secondary education - vocational,Total,Total,Italy,2023,289912,,
ESTAT:EDUC_UOE_GRAD02$DEFAULTVIEW(1.0),20/05/26 23:00:00,Annual,Number,Upper secondary education - vocational,Total,Total,Italy,2024,290425,d,
ESTAT:EDUC_UOE_GRAD02$DEFAULTVIEW(1.0),20/05/26 23:00:00,Annual,Number,Upper secondary education - vocational,Total,Total,Liechtenstein,2015,347,,
ESTAT:EDUC_UOE_GRAD02$DEFAULTVIEW(1.0),20/05/26 23:00:00,Annual,Number,Upper secondary education - vocational,Total,Total,Liechtenstein,2016,360,,
ESTAT:EDUC_UOE_GRAD02$DEFAULTVIEW(1.0),20/05/26 23:00:00,Annual,Number,Upper secondary education - vocational,Total,Total,Liechtenstein,2017,619,,
ESTAT:EDUC_UOE_GRAD02$DEFAULTVIEW(1.0),20/05/26 23:00:00,Annual,Number,Upper secondary education - vocational,Total,Total,Liechtenstein,2018,367,,
ESTAT:EDUC_UOE_GRAD02$DEFAULTVIEW(1.0),20/05/26 23:00:00,Annual,Number,Upper secondary education - vocational,Total,Total,Liechtenstein,2019,335,,
ESTAT:EDUC_UOE_GRAD02$DEFAULTVIEW(1.0),20/05/26 23:00:00,Annual,Number,Upper secondary education - vocational,Total,Total,Liechtenstein,2020,351,,
ESTAT:EDUC_UOE_GRAD02$DEFAULTVIEW(1.0),20/05/26 23:00:00,Annual,Number,Upper secondary education - vocational,Total,Total,Liechtenstein,2021,350,,
ESTAT:EDUC_UOE_GRAD02$DEFAULTVIEW(1.0),20/05/26 23:00:00,Annual,Number,Upper secondary education - vocational,Total,Total,Liechtenstein,2022,356,,
ESTAT:EDUC_UOE_GRAD02$DEFAULTVIEW(1.0),20/05/26 23:00:00,Annual,Number,Upper secondary education - vocational,Total,Total,Lithuania,2015,5095,,
ESTAT:EDUC_UOE_GRAD02$DEFAULTVIEW(1.0),20/05/26 23:00:00,Annual,Number,Upper secondary education - vocational,Total,Total,Lithuania,2016,5024,,
ESTAT:EDUC_UOE_GRAD02$DEFAULTVIEW(1.0),20/05/26 23:00:00,Annual,Number,Upper secondary education - vocational,Total,Total,Lithuania,2017,4692,,
ESTAT:EDUC_UOE_GRAD02$DEFAULTVIEW(1.0),20/05/26 23:00:00,Annual,Number,Upper secondary education - vocational,Total,Total,Lithuania,2018,4520,,
ESTAT:EDUC_UOE_GRAD02$DEFAULTVIEW(1.0),20/05/26 23:00:00,Annual,Number,Upper secondary education - vocational,Total,Total,Lithuania,2019,4431,,
ESTAT:EDUC_UOE_GRAD02$DEFAULTVIEW(1.0),20/05/26 23:00:00,Annual,Number,Upper secondary education - vocational,Total,Total,Lithuania,2020,3891,,
ESTAT:EDUC_UOE_GRAD02$DEFAULTVIEW(1.0),20/05/26 23:00:00,Annual,Number,Upper secondary education - vocational,Total,Total,Lithuania,2021,3874,,
ESTAT:EDUC_UOE_GRAD02$DEFAULTVIEW(1.0),20/05/26 23:00:00,Annual,Number,Upper secondary education - vocational,Total,Total,Lithuania,2022,3549,,
ESTAT:EDUC_UOE_GRAD02$DEFAULTVIEW(1.0),20/05/26 23:00:00,Annual,Number,Upper secondary education - vocational,Total,Total,Lithuania,2023,3611,,
ESTAT:EDUC_UOE_GRAD02$DEFAULTVIEW(1.0),20/05/26 23:00:00,Annual,Number,Upper secondary education - vocational,Total,Total,Lithuania,2024,4119,,
ESTAT:EDUC_UOE_GRAD02$DEFAULTVIEW(1.0),20/05/26 23:00:00,Annual,Number,Upper secondary education - vocational,Total,Total,Luxembourg,2015,2966,,
ESTAT:EDUC_UOE_GRAD02$DEFAULTVIEW(1.0),20/05/26 23:00:00,Annual,Number,Upper secondary education - vocational,Total,Total,Luxembourg,2016,3325,,
ESTAT:EDUC_UOE_GRAD02$DEFAULTVIEW(1.0),20/05/26 23:00:00,Annual,Number,Upper secondary education - vocational,Total,Total,Luxembourg,2017,3511,,
ESTAT:EDUC_UOE_GRAD02$DEFAULTVIEW(1.0),20/05/26 23:00:00,Annual,Number,Upper secondary education - vocational,Total,Total,Luxembourg,2018,3616,,
ESTAT:EDUC_UOE_GRAD02$DEFAULTVIEW(1.0),20/05/26 23:00:00,Annual,Number,Upper secondary education - vocational,Total,Total,Luxembourg,2019,3369,,
ESTAT:EDUC_UOE_GRAD02$DEFAULTVIEW(1.0),20/05/26 23:00:00,Annual,Number,Upper secondary education - vocational,Total,Total,Luxembourg,2020,3644,,
ESTAT:EDUC_UOE_GRAD02$DEFAULTVIEW(1.0),20/05/26 23:00:00,Annual,Number,Upper secondary education - vocational,Total,Total,Luxembourg,2021,3333,,
ESTAT:EDUC_UOE_GRAD02$DEFAULTVIEW(1.0),20/05/26 23:00:00,Annual,Number,Upper secondary education - vocational,Total,Total,Luxembourg,2022,3444,,
ESTAT:EDUC_UOE_GRAD02$DEFAULTVIEW(1.0),20/05/26 23:00:00,Annual,Number,Upper secondary education - vocational,Total,Total,Luxembourg,2023,3591,,
ESTAT:EDUC_UOE_GRAD02$DEFAULTVIEW(1.0),20/05/26 23:00:00,Annual,Number,Upper secondary education - vocational,Total,Total,Luxembourg,2024,3583,,
ESTAT:EDUC_UOE_GRAD02$DEFAULTVIEW(1.0),20/05/26 23:00:00,Annual,Number,Upper secondary education - vocational,Total,Total,Latvia,2015,4761,,
ESTAT:EDUC_UOE_GRAD02$DEFAULTVIEW(1.0),20/05/26 23:00:00,Annual,Number,Upper secondary education - vocational,Total,Total,Latvia,2016,4391,,
ESTAT:EDUC_UOE_GRAD02$DEFAULTVIEW(1.0),20/05/26 23:00:00,Annual,Number,Upper secondary education - vocational,Total,Total,Latvia,2017,3916,,
ESTAT:EDUC_UOE_GRAD02$DEFAULTVIEW(1.0),20/05/26 23:00:00,Annual,Number,Upper secondary education - vocational,Total,Total,Latvia,2018,3717,,
ESTAT:EDUC_UOE_GRAD02$DEFAULTVIEW(1.0),20/05/26 23:00:00,Annual,Number,Upper secondary education - vocational,Total,Total,Latvia,2019,3734,,
ESTAT:EDUC_UOE_GRAD02$DEFAULTVIEW(1.0),20/05/26 23:00:00,Annual,Number,Upper secondary education - vocational,Total,Total,Latvia,2020,4155,,
ESTAT:EDUC_UOE_GRAD02$DEFAULTVIEW(1.0),20/05/26 23:00:00,Annual,Number,Upper secondary education - vocational,Total,Total,Latvia,2021,3996,,
ESTAT:EDUC_UOE_GRAD02$DEFAULTVIEW(1.0),20/05/26 23:00:00,Annual,Number,Upper secondary education - vocational,Total,Total,Latvia,2022,4149,,
ESTAT:EDUC_UOE_GRAD02$DEFAULTVIEW(1.0),20/05/26 23:00:00,Annual,Number,Upper secondary education - vocational,Total,Total,Latvia,2023,4286,,
ESTAT:EDUC_UOE_GRAD02$DEFAULTVIEW(1.0),20/05/26 23:00:00,Annual,Number,Upper secondary education - vocational,Total,Total,Latvia,2024,4227,,
ESTAT:EDUC_UOE_GRAD02$DEFAULTVIEW(1.0),20/05/26 23:00:00,Annual,Number,Upper secondary education - vocational,Total,Total,Montenegro,2016,5693,,
ESTAT:EDUC_UOE_GRAD02$DEFAULTVIEW(1.0),20/05/26 23:00:00,Annual,Number,Upper secondary education - vocational,Total,Total,Montenegro,2017,4884,,
ESTAT:EDUC_UOE_GRAD02$DEFAULTVIEW(1.0),20/05/26 23:00:00,Annual,Number,Upper secondary education - vocational,Total,Total,Montenegro,2018,17725,d,
ESTAT:EDUC_UOE_GRAD02$DEFAULTVIEW(1.0),20/05/26 23:00:00,Annual,Number,Upper secondary education - vocational,Total,Total,Montenegro,2019,17725,d,
ESTAT:EDUC_UOE_GRAD02$DEFAULTVIEW(1.0),20/05/26 23:00:00,Annual,Number,Upper secondary education - vocational,Total,Total,Montenegro,2020,18181,,
ESTAT:EDUC_UOE_GRAD02$DEFAULTVIEW(1.0),20/05/26 23:00:00,Annual,Number,Upper secondary education - vocational,Total,Total,Montenegro,2021,4074,,
ESTAT:EDUC_UOE_GRAD02$DEFAULTVIEW(1.0),20/05/26 23:00:00,Annual,Number,Upper secondary education - vocational,Total,Total,Montenegro,2023,4023,,
ESTAT:EDUC_UOE_GRAD02$DEFAULTVIEW(1.0),20/05/26 23:00:00,Annual,Number,Upper secondary education - vocational,Total,Total,Montenegro,2024,3910,,
ESTAT:EDUC_UOE_GRAD02$DEFAULTVIEW(1.0),20/05/26 23:00:00,Annual,Number,Upper secondary education - vocational,Total,Total,North Macedonia,2015,14776,,
ESTAT:EDUC_UOE_GRAD02$DEFAULTVIEW(1.0),20/05/26 23:00:00,Annual,Number,Upper secondary education - vocational,Total,Total,North Macedonia,2016,13735,,
ESTAT:EDUC_UOE_GRAD02$DEFAULTVIEW(1.0),20/05/26 23:00:00,Annual,Number,Upper secondary education - vocational,Total,Total,North Macedonia,2017,13406,,
ESTAT:EDUC_UOE_GRAD02$DEFAULTVIEW(1.0),20/05/26 23:00:00,Annual,Number,Upper secondary education - vocational,Total,Total,North Macedonia,2018,12577,,
ESTAT:EDUC_UOE_GRAD02$DEFAULTVIEW(1.0),20/05/26 23:00:00,Annual,Number,Upper secondary education - vocational,Total,Total,North Macedonia,2019,12701,,
ESTAT:EDUC_UOE_GRAD02$DEFAULTVIEW(1.0),20/05/26 23:00:00,Annual,Number,Upper secondary education - vocational,Total,Total,North Macedonia,2020,10584,,
ESTAT:EDUC_UOE_GRAD02$DEFAULTVIEW(1.0),20/05/26 23:00:00,Annual,Number,Upper secondary education - vocational,Total,Total,North Macedonia,2021,12851,,
ESTAT:EDUC_UOE_GRAD02$DEFAULTVIEW(1.0),20/05/26 23:00:00,Annual,Number,Upper secondary education - vocational,Total,Total,North Macedonia,2022,12559,,
ESTAT:EDUC_UOE_GRAD02$DEFAULTVIEW(1.0),20/05/26 23:00:00,Annual,Number,Upper secondary education - vocational,Total,Total,North Macedonia,2023,12254,,
ESTAT:EDUC_UOE_GRAD02$DEFAULTVIEW(1.0),20/05/26 23:00:00,Annual,Number,Upper secondary education - vocational,Total,Total,North Macedonia,2024,11862,,
ESTAT:EDUC_UOE_GRAD02$DEFAULTVIEW(1.0),20/05/26 23:00:00,Annual,Number,Upper secondary education - vocational,Total,Total,Malta,2015,2176,,
ESTAT:EDUC_UOE_GRAD02$DEFAULTVIEW(1.0),20/05/26 23:00:00,Annual,Number,Upper secondary education - vocational,Total,Total,Malta,2016,2132,,
ESTAT:EDUC_UOE_GRAD02$DEFAULTVIEW(1.0),20/05/26 23:00:00,Annual,Number,Upper secondary education - vocational,Total,Total,Malta,2017,2160,,
ESTAT:EDUC_UOE_GRAD02$DEFAULTVIEW(1.0),20/05/26 23:00:00,Annual,Number,Upper secondary education - vocational,Total,Total,Malta,2018,2370,,
ESTAT:EDUC_UOE_GRAD02$DEFAULTVIEW(1.0),20/05/26 23:00:00,Annual,Number,Upper secondary education - vocational,Total,Total,Malta,2019,2176,,
ESTAT:EDUC_UOE_GRAD02$DEFAULTVIEW(1.0),20/05/26 23:00:00,Annual,Number,Upper secondary education - vocational,Total,Total,Malta,2020,1861,,
ESTAT:EDUC_UOE_GRAD02$DEFAULTVIEW(1.0),20/05/26 23:00:00,Annual,Number,Upper secondary education - vocational,Total,Total,Malta,2021,2138,,
ESTAT:EDUC_UOE_GRAD02$DEFAULTVIEW(1.0),20/05/26 23:00:00,Annual,Number,Upper secondary education - vocational,Total,Total,Malta,2022,2052,,
ESTAT:EDUC_UOE_GRAD02$DEFAULTVIEW(1.0),20/05/26 23:00:00,Annual,Number,Upper secondary education - vocational,Total,Total,Malta,2023,2145,,
ESTAT:EDUC_UOE_GRAD02$DEFAULTVIEW(1.0),20/05/26 23:00:00,Annual,Number,Upper secondary education - vocational,Total,Total,Malta,2024,2672,,
ESTAT:EDUC_UOE_GRAD02$DEFAULTVIEW(1.0),20/05/26 23:00:00,Annual,Number,Upper secondary education - vocational,Total,Total,Netherlands,2015,155473,,
ESTAT:EDUC_UOE_GRAD02$DEFAULTVIEW(1.0),20/05/26 23:00:00,Annual,Number,Upper secondary education - vocational,Total,Total,Netherlands,2016,143883,,
ESTAT:EDUC_UOE_GRAD02$DEFAULTVIEW(1.0),20/05/26 23:00:00,Annual,Number,Upper secondary education - vocational,Total,Total,Netherlands,2017,146661,,
ESTAT:EDUC_UOE_GRAD02$DEFAULTVIEW(1.0),20/05/26 23:00:00,Annual,Number,Upper secondary education - vocational,Total,Total,Netherlands,2018,140343,,
ESTAT:EDUC_UOE_GRAD02$DEFAULTVIEW(1.0),20/05/26 23:00:00,Annual,Number,Upper secondary education - vocational,Total,Total,Netherlands,2019,141501,,
ESTAT:EDUC_UOE_GRAD02$DEFAULTVIEW(1.0),20/05/26 23:00:00,Annual,Number,Upper secondary education - vocational,Total,Total,Netherlands,2020,140316,,
ESTAT:EDUC_UOE_GRAD02$DEFAULTVIEW(1.0),20/05/26 23:00:00,Annual,Number,Upper secondary education - vocational,Total,Total,Netherlands,2021,143546,,
ESTAT:EDUC_UOE_GRAD02$DEFAULTVIEW(1.0),20/05/26 23:00:00,Annual,Number,Upper secondary education - vocational,Total,Total,Netherlands,2022,139038,,
ESTAT:EDUC_UOE_GRAD02$DEFAULTVIEW(1.0),20/05/26 23:00:00,Annual,Number,Upper secondary education - vocational,Total,Total,Netherlands,2023,137959,,
ESTAT:EDUC_UOE_GRAD02$DEFAULTVIEW(1.0),20/05/26 23:00:00,Annual,Number,Upper secondary education - vocational,Total,Total,Netherlands,2024,135372,,
ESTAT:EDUC_UOE_GRAD02$DEFAULTVIEW(1.0),20/05/26 23:00:00,Annual,Number,Upper secondary education - vocational,Total,Total,Norway,2015,25857,,
ESTAT:EDUC_UOE_GRAD02$DEFAULTVIEW(1.0),20/05/26 23:00:00,Annual,Number,Upper secondary education - vocational,Total,Total,Norway,2016,27073,,
ESTAT:EDUC_UOE_GRAD02$DEFAULTVIEW(1.0),20/05/26 23:00:00,Annual,Number,Upper secondary education - vocational,Total,Total,Norway,2017,27851,,
ESTAT:EDUC_UOE_GRAD02$DEFAULTVIEW(1.0),20/05/26 23:00:00,Annual,Number,Upper secondary education - vocational,Total,Total,Norway,2018,27953,,
ESTAT:EDUC_UOE_GRAD02$DEFAULTVIEW(1.0),20/05/26 23:00:00,Annual,Number,Upper secondary education - vocational,Total,Total,Norway,2019,29376,,
ESTAT:EDUC_UOE_GRAD02$DEFAULTVIEW(1.0),20/05/26 23:00:00,Annual,Number,Upper secondary education - vocational,Total,Total,Norway,2020,27864,,
ESTAT:EDUC_UOE_GRAD02$DEFAULTVIEW(1.0),20/05/26 23:00:00,Annual,Number,Upper secondary education - vocational,Total,Total,Norway,2021,30876,,
ESTAT:EDUC_UOE_GRAD02$DEFAULTVIEW(1.0),20/05/26 23:00:00,Annual,Number,Upper secondary education - vocational,Total,Total,Norway,2022,30615,,
ESTAT:EDUC_UOE_GRAD02$DEFAULTVIEW(1.0),20/05/26 23:00:00,Annual,Number,Upper secondary education - vocational,Total,Total,Norway,2023,32216,,
ESTAT:EDUC_UOE_GRAD02$DEFAULTVIEW(1.0),20/05/26 23:00:00,Annual,Number,Upper secondary education - vocational,Total,Total,Norway,2024,33025,,
ESTAT:EDUC_UOE_GRAD02$DEFAULTVIEW(1.0),20/05/26 23:00:00,Annual,Number,Upper secondary education - vocational,Total,Total,Poland,2015,177635,d,
ESTAT:EDUC_UOE_GRAD02$DEFAULTVIEW(1.0),20/05/26 23:00:00,Annual,Number,Upper secondary education - vocational,Total,Total,Poland,2016,170209,e,
ESTAT:EDUC_UOE_GRAD02$DEFAULTVIEW(1.0),20/05/26 23:00:00,Annual,Number,Upper secondary education - vocational,Total,Total,Poland,2017,166681,d,
ESTAT:EDUC_UOE_GRAD02$DEFAULTVIEW(1.0),20/05/26 23:00:00,Annual,Number,Upper secondary education - vocational,Total,Total,Poland,2018,158508,e,
ESTAT:EDUC_UOE_GRAD02$DEFAULTVIEW(1.0),20/05/26 23:00:00,Annual,Number,Upper secondary education - vocational,Total,Total,Poland,2019,152115,,
ESTAT:EDUC_UOE_GRAD02$DEFAULTVIEW(1.0),20/05/26 23:00:00,Annual,Number,Upper secondary education - vocational,Total,Total,Poland,2020,152925,,
ESTAT:EDUC_UOE_GRAD02$DEFAULTVIEW(1.0),20/05/26 23:00:00,Annual,Number,Upper secondary education - vocational,Total,Total,Poland,2021,152299,,
ESTAT:EDUC_UOE_GRAD02$DEFAULTVIEW(1.0),20/05/26 23:00:00,Annual,Number,Upper secondary education - vocational,Total,Total,Poland,2022,203086,,
ESTAT:EDUC_UOE_GRAD02$DEFAULTVIEW(1.0),20/05/26 23:00:00,Annual,Number,Upper secondary education - vocational,Total,Total,Poland,2023,167625,,
ESTAT:EDUC_UOE_GRAD02$DEFAULTVIEW(1.0),20/05/26 23:00:00,Annual,Number,Upper secondary education - vocational,Total,Total,Poland,2024,168916,,
ESTAT:EDUC_UOE_GRAD02$DEFAULTVIEW(1.0),20/05/26 23:00:00,Annual,Number,Upper secondary education - vocational,Total,Total,Portugal,2015,49829,,
ESTAT:EDUC_UOE_GRAD02$DEFAULTVIEW(1.0),20/05/26 23:00:00,Annual,Number,Upper secondary education - vocational,Total,Total,Portugal,2016,33775,,
ESTAT:EDUC_UOE_GRAD02$DEFAULTVIEW(1.0),20/05/26 23:00:00,Annual,Number,Upper secondary education - vocational,Total,Total,Portugal,2017,34989,,
ESTAT:EDUC_UOE_GRAD02$DEFAULTVIEW(1.0),20/05/26 23:00:00,Annual,Number,Upper secondary education - vocational,Total,Total,Portugal,2018,35543,,
ESTAT:EDUC_UOE_GRAD02$DEFAULTVIEW(1.0),20/05/26 23:00:00,Annual,Number,Upper secondary education - vocational,Total,Total,Portugal,2019,34341,,
ESTAT:EDUC_UOE_GRAD02$DEFAULTVIEW(1.0),20/05/26 23:00:00,Annual,Number,Upper secondary education - vocational,Total,Total,Portugal,2020,37708,,
ESTAT:EDUC_UOE_GRAD02$DEFAULTVIEW(1.0),20/05/26 23:00:00,Annual,Number,Upper secondary education - vocational,Total,Total,Portugal,2021,37375,,
ESTAT:EDUC_UOE_GRAD02$DEFAULTVIEW(1.0),20/05/26 23:00:00,Annual,Number,Upper secondary education - vocational,Total,Total,Portugal,2022,38599,,
ESTAT:EDUC_UOE_GRAD02$DEFAULTVIEW(1.0),20/05/26 23:00:00,Annual,Number,Upper secondary education - vocational,Total,Total,Portugal,2023,37670,,
ESTAT:EDUC_UOE_GRAD02$DEFAULTVIEW(1.0),20/05/26 23:00:00,Annual,Number,Upper secondary education - vocational,Total,Total,Portugal,2024,34772,,
ESTAT:EDUC_UOE_GRAD02$DEFAULTVIEW(1.0),20/05/26 23:00:00,Annual,Number,Upper secondary education - vocational,Total,Total,Romania,2015,118977,,
ESTAT:EDUC_UOE_GRAD02$DEFAULTVIEW(1.0),20/05/26 23:00:00,Annual,Number,Upper secondary education - vocational,Total,Total,Romania,2016,91511,,
ESTAT:EDUC_UOE_GRAD02$DEFAULTVIEW(1.0),20/05/26 23:00:00,Annual,Number,Upper secondary education - vocational,Total,Total,Romania,2017,98997,,
ESTAT:EDUC_UOE_GRAD02$DEFAULTVIEW(1.0),20/05/26 23:00:00,Annual,Number,Upper secondary education - vocational,Total,Total,Romania,2018,97975,,
ESTAT:EDUC_UOE_GRAD02$DEFAULTVIEW(1.0),20/05/26 23:00:00,Annual,Number,Upper secondary education - vocational,Total,Total,Romania,2019,98064,,
ESTAT:EDUC_UOE_GRAD02$DEFAULTVIEW(1.0),20/05/26 23:00:00,Annual,Number,Upper secondary education - vocational,Total,Total,Romania,2020,101801,,
ESTAT:EDUC_UOE_GRAD02$DEFAULTVIEW(1.0),20/05/26 23:00:00,Annual,Number,Upper secondary education - vocational,Total,Total,Romania,2021,97869,,
ESTAT:EDUC_UOE_GRAD02$DEFAULTVIEW(1.0),20/05/26 23:00:00,Annual,Number,Upper secondary education - vocational,Total,Total,Romania,2022,104387,,
ESTAT:EDUC_UOE_GRAD02$DEFAULTVIEW(1.0),20/05/26 23:00:00,Annual,Number,Upper secondary education - vocational,Total,Total,Romania,2023,99585,,
ESTAT:EDUC_UOE_GRAD02$DEFAULTVIEW(1.0),20/05/26 23:00:00,Annual,Number,Upper secondary education - vocational,Total,Total,Romania,2024,96270,,
ESTAT:EDUC_UOE_GRAD02$DEFAULTVIEW(1.0),20/05/26 23:00:00,Annual,Number,Upper secondary education - vocational,Total,Total,Serbia,2018,,m,
ESTAT:EDUC_UOE_GRAD02$DEFAULTVIEW(1.0),20/05/26 23:00:00,Annual,Number,Upper secondary education - vocational,Total,Total,Serbia,2019,,m,
ESTAT:EDUC_UOE_GRAD02$DEFAULTVIEW(1.0),20/05/26 23:00:00,Annual,Number,Upper secondary education - vocational,Total,Total,Serbia,2021,46395,d,
ESTAT:EDUC_UOE_GRAD02$DEFAULTVIEW(1.0),20/05/26 23:00:00,Annual,Number,Upper secondary education - vocational,Total,Total,Sweden,2015,31279,,
ESTAT:EDUC_UOE_GRAD02$DEFAULTVIEW(1.0),20/05/26 23:00:00,Annual,Number,Upper secondary education - vocational,Total,Total,Sweden,2016,29164,,
ESTAT:EDUC_UOE_GRAD02$DEFAULTVIEW(1.0),20/05/26 23:00:00,Annual,Number,Upper secondary education - vocational,Total,Total,Sweden,2017,28220,,
ESTAT:EDUC_UOE_GRAD02$DEFAULTVIEW(1.0),20/05/26 23:00:00,Annual,Number,Upper secondary education - vocational,Total,Total,Sweden,2018,27427,,
ESTAT:EDUC_UOE_GRAD02$DEFAULTVIEW(1.0),20/05/26 23:00:00,Annual,Number,Upper secondary education - vocational,Total,Total,Sweden,2019,28067,,
ESTAT:EDUC_UOE_GRAD02$DEFAULTVIEW(1.0),20/05/26 23:00:00,Annual,Number,Upper secondary education - vocational,Total,Total,Sweden,2020,29378,,
ESTAT:EDUC_UOE_GRAD02$DEFAULTVIEW(1.0),20/05/26 23:00:00,Annual,Number,Upper secondary education - vocational,Total,Total,Sweden,2021,32576,,
ESTAT:EDUC_UOE_GRAD02$DEFAULTVIEW(1.0),20/05/26 23:00:00,Annual,Number,Upper secondary education - vocational,Total,Total,Sweden,2022,32170,,
ESTAT:EDUC_UOE_GRAD02$DEFAULTVIEW(1.0),20/05/26 23:00:00,Annual,Number,Upper secondary education - vocational,Total,Total,Sweden,2023,32523,,
ESTAT:EDUC_UOE_GRAD02$DEFAULTVIEW(1.0),20/05/26 23:00:00,Annual,Number,Upper secondary education - vocational,Total,Total,Sweden,2024,31725,,
ESTAT:EDUC_UOE_GRAD02$DEFAULTVIEW(1.0),20/05/26 23:00:00,Annual,Number,Upper secondary education - vocational,Total,Total,Slovenia,2015,13167,,
ESTAT:EDUC_UOE_GRAD02$DEFAULTVIEW(1.0),20/05/26 23:00:00,Annual,Number,Upper secondary education - vocational,Total,Total,Slovenia,2016,13909,,
ESTAT:EDUC_UOE_GRAD02$DEFAULTVIEW(1.0),20/05/26 23:00:00,Annual,Number,Upper secondary education - vocational,Total,Total,Slovenia,2017,14003,,
ESTAT:EDUC_UOE_GRAD02$DEFAULTVIEW(1.0),20/05/26 23:00:00,Annual,Number,Upper secondary education - vocational,Total,Total,Slovenia,2018,13925,,
ESTAT:EDUC_UOE_GRAD02$DEFAULTVIEW(1.0),20/05/26 23:00:00,Annual,Number,Upper secondary education - vocational,Total,Total,Slovenia,2019,13823,,
ESTAT:EDUC_UOE_GRAD02$DEFAULTVIEW(1.0),20/05/26 23:00:00,Annual,Number,Upper secondary education - vocational,Total,Total,Slovenia,2020,13630,,
ESTAT:EDUC_UOE_GRAD02$DEFAULTVIEW(1.0),20/05/26 23:00:00,Annual,Number,Upper secondary education - vocational,Total,Total,Slovenia,2021,13980,,
ESTAT:EDUC_UOE_GRAD02$DEFAULTVIEW(1.0),20/05/26 23:00:00,Annual,Number,Upper secondary education - vocational,Total,Total,Slovenia,2022,13390,,
ESTAT:EDUC_UOE_GRAD02$DEFAULTVIEW(1.0),20/05/26 23:00:00,Annual,Number,Upper secondary education - vocational,Total,Total,Slovenia,2023,13462,,
ESTAT:EDUC_UOE_GRAD02$DEFAULTVIEW(1.0),20/05/26 23:00:00,Annual,Number,Upper secondary education - vocational,Total,Total,Slovenia,2024,13814,,
ESTAT:EDUC_UOE_GRAD02$DEFAULTVIEW(1.0),20/05/26 23:00:00,Annual,Number,Upper secondary education - vocational,Total,Total,Slovakia,2015,33408,,
ESTAT:EDUC_UOE_GRAD02$DEFAULTVIEW(1.0),20/05/26 23:00:00,Annual,Number,Upper secondary education - vocational,Total,Total,Slovakia,2016,32357,,
ESTAT:EDUC_UOE_GRAD02$DEFAULTVIEW(1.0),20/05/26 23:00:00,Annual,Number,Upper secondary education - vocational,Total,Total,Slovakia,2017,30822,,
ESTAT:EDUC_UOE_GRAD02$DEFAULTVIEW(1.0),20/05/26 23:00:00,Annual,Number,Upper secondary education - vocational,Total,Total,Slovakia,2018,30753,,
ESTAT:EDUC_UOE_GRAD02$DEFAULTVIEW(1.0),20/05/26 23:00:00,Annual,Number,Upper secondary education - vocational,Total,Total,Slovakia,2019,30250,,
ESTAT:EDUC_UOE_GRAD02$DEFAULTVIEW(1.0),20/05/26 23:00:00,Annual,Number,Upper secondary education - vocational,Total,Total,Slovakia,2020,29939,,
ESTAT:EDUC_UOE_GRAD02$DEFAULTVIEW(1.0),20/05/26 23:00:00,Annual,Number,Upper secondary education - vocational,Total,Total,Slovakia,2021,30102,,
ESTAT:EDUC_UOE_GRAD02$DEFAULTVIEW(1.0),20/05/26 23:00:00,Annual,Number,Upper secondary education - vocational,Total,Total,Slovakia,2022,28345,,
ESTAT:EDUC_UOE_GRAD02$DEFAULTVIEW(1.0),20/05/26 23:00:00,Annual,Number,Upper secondary education - vocational,Total,Total,Slovakia,2023,28671,,
ESTAT:EDUC_UOE_GRAD02$DEFAULTVIEW(1.0),20/05/26 23:00:00,Annual,Number,Upper secondary education - vocational,Total,Total,Slovakia,2024,29691,,
ESTAT:EDUC_UOE_GRAD02$DEFAULTVIEW(1.0),20/05/26 23:00:00,Annual,Number,Upper secondary education - vocational,Total,Total,Türkiye,2015,471885,,
ESTAT:EDUC_UOE_GRAD02$DEFAULTVIEW(1.0),20/05/26 23:00:00,Annual,Number,Upper secondary education - vocational,Total,Total,Türkiye,2016,515465,,
ESTAT:EDUC_UOE_GRAD02$DEFAULTVIEW(1.0),20/05/26 23:00:00,Annual,Number,Upper secondary education - vocational,Total,Total,Türkiye,2017,505261,,
ESTAT:EDUC_UOE_GRAD02$DEFAULTVIEW(1.0),20/05/26 23:00:00,Annual,Number,Upper secondary education - vocational,Total,Total,Türkiye,2018,495658,,
ESTAT:EDUC_UOE_GRAD02$DEFAULTVIEW(1.0),20/05/26 23:00:00,Annual,Number,Upper secondary education - vocational,Total,Total,Türkiye,2019,455323,,
ESTAT:EDUC_UOE_GRAD02$DEFAULTVIEW(1.0),20/05/26 23:00:00,Annual,Number,Upper secondary education - vocational,Total,Total,Türkiye,2020,481270,,
ESTAT:EDUC_UOE_GRAD02$DEFAULTVIEW(1.0),20/05/26 23:00:00,Annual,Number,Upper secondary education - vocational,Total,Total,Türkiye,2021,472554,,
ESTAT:EDUC_UOE_GRAD02$DEFAULTVIEW(1.0),20/05/26 23:00:00,Annual,Number,Upper secondary education - vocational,Total,Total,Türkiye,2022,430261,,
ESTAT:EDUC_UOE_GRAD02$DEFAULTVIEW(1.0),20/05/26 23:00:00,Annual,Number,Upper secondary education - vocational,Total,Total,Türkiye,2023,334880,,
ESTAT:EDUC_UOE_GRAD02$DEFAULTVIEW(1.0),20/05/26 23:00:00,Annual,Number,Upper secondary education - vocational,Total,Total,Türkiye,2024,426662,,
ESTAT:EDUC_UOE_GRAD02$DEFAULTVIEW(1.0),20/05/26 23:00:00,Annual,Number,Upper secondary education - vocational,Total,Total,United Kingdom,2016,774866,,
ESTAT:EDUC_UOE_GRAD02$DEFAULTVIEW(1.0),20/05/26 23:00:00,Annual,Number,Upper secondary education - vocational,Total,Total,United Kingdom,2017,769585,,
ESTAT:EDUC_UOE_GRAD02$DEFAULTVIEW(1.0),20/05/26 23:00:00,Annual,Number,Upper secondary education - vocational,Total,Total,United Kingdom,2018,698797,,
ESTAT:EDUC_UOE_GRAD02$DEFAULTVIEW(1.0),20/05/26 23:00:00,Annual,Number,Upper secondary education - vocational,Total,Total,United Kingdom,2019,674322,,
