QS_name,country,proposed_ETER_name,similarity,accept
Université Paris-Saclay,France,Université Paris-saclay,100.0,
Umeå University,Sweden,Umeå university,100.0,
Università degli Studi di Udine,Italy,Università degli Studi di UDINE,100.0,
Università degli Studi Roma Tre,Italy,Università degli Studi ROMA TRE,100.0,
Athens University of Economics And Business,Greece,Athens University of Economics and Business,100.0,
Silesian University of Technology in Gliwice,Poland,Silesian University of Technology in Gliwic,98.9,
Universidade de Santiago de Compostela,Spain,Universidad de Santiago de Compostela,98.7,
Università  Cattolica del Sacro Cuore,Italy,Università Cattolica del Sacro Cuore,98.6,
Università  degli Studi di Pavia,Italy,Università degli Studi di PAVIA,98.4,
ISCTE - Instituto Universitario de Lisboa,Portugal,ISCTE - Instituto Universitário de Lisboa,97.6,
"Sofia University ""St. Kliment Ohridski""",Bulgaria,Sofia University St. Kliment Ohridski,97.4,
Stefan cel Mare University of Suceava,Romania,"""Stefan cel Mare"" University of Suceava",97.4,
Universidade de Vigo,Spain,Universidad de Vigo,97.4,
Johannes Gutenberg Universität Mainz,Germany,Johannes Gutenberg-Universität Mainz,97.2,
Poznan University of Life Sciences,Poland,Poznań University of Life Sciences,97.1,
Transilvania University of Brasov,Romania,"""Transilvania"" University of Brasov",97.1,
Universitat Autónoma de Barcelona,Spain,Universitat Autònoma de Barcelona,97.0,
University of Naples - Federico II,Italy,University of Naples Federico II,97.0,
Ecole Normale Supérieure de Lyon,France,École normale supérieure de Lyon,96.9,
Ca' Foscari University of Venice,Italy,Ca’ Foscari University of Venice,96.9,
Poznan University of Technology,Poland,Poznań University of Technology,96.8,
Gdansk University of Technology,Poland,Gdańsk University of Technology,96.8,
Technical University of Kosice,Slovakia,Technical University of Košice,96.7,
"Universita' degli Studi di Napoli ""Parthenope""",Italy,"Università degli Studi di NAPOLI ""Parthenope""",96.7,
Université Jean Moulin Lyon 3,France,Université Jean Moulin - Lyon 3,96.7,
West University of Timisoara,Romania,West University of Timişoara,96.4,
Université Lumière Lyon 2,France,Université Lumière - Lyon 2,96.2,
Université Paris-Nanterre,France,Université Paris Nanterre,96.0,
Universita' degli Studi della Tuscia,Italy,Università degli Studi della TUSCIA,95.8,
"The ""Gheorghe Asachi"" Technical University of Iasi",Romania,"""Gheorghe Asachi"" Technical University of Iasi",95.8,
Riga Stradins University,Latvia,Riga Stradinš University,95.8,
Universitat Ramon Llull,Spain,Universitat Ramón Llull,95.7,
Université Côte d’Azur,France,Université Côte d'Azur,95.5,
Università degli Studi di Roma - Tor Vergata,Italy,"Università degli Studi di ROMA ""Tor Vergata""",95.5,
Abo Akademi University,Finland,Åbo Akademi University,95.5,
Technological University of Dublin,Ireland,Technological University Dublin,95.4,
University of Wroclaw,Poland,University of Wrocław,95.2,
"Université Toulouse 1, Capitole",France,Université Toulouse 1 - Capitole,95.2,
Comenius University Bratislava,Slovakia,Comenius University in Bratislava,95.2,
University of Gdansk,Poland,University of Gdańsk,95.0,
Libera Universita' di Bolzano,Italy,Libera Università di BOLZANO,94.7,
University of Liege,Belgium,University of Liège,94.7,
Université Paris 1 Panthéon-Sorbonne,France,Université Paris 1 - Panthéon Sorbonne,94.6,
UCAM Universidad Católica San Antonio de Murcia,Spain,Universidad Católica San Antonio de Murcia,94.4,
Universita' degli Studi di Urbino Carlo Bo,Italy,"Università degli Studi di URBINO ""Carlo BO""",94.1,
University Toulouse – Jean Jaurès,France,Université Toulouse - Jean Jaurès,93.9,
Universidade da Coruña,Spain,Universidad de A Coruña,93.3,
Institut National des Sciences Appliquées de Lyon (INSA),France,Institut national des sciences appliquées de Lyon,93.3,
"Universidade Católica Portuguesa, UCP",Portugal,Universidade Católica Portuguesa,92.8,
TUHH Hamburg University of Technology,Germany,Hamburg University of Technology,92.8,
Université Grenoble Alpes,France,EPE université Grenoble Alpes,92.6,
The University of Amsterdam,Netherlands,University of Amsterdam,92.0,
Université de Bretagne Occidentale (UBO),France,Université de Bretagne Occidentale,91.9,
Karlsruhe Institute of Technology (KIT),Germany,Karlsruhe Institute of Technology,91.7,
Université Catholique de Louvain (UCL),Belgium,Université catholique de Louvain,91.4,
Universitat Politecnica de Valencia,Spain,Universidad Politécnica de Valencia,91.4,
University of the Algarve,Portugal,University of Algarve,91.3,
University of Lisbon,Portugal,New University of Lisbon,90.9,
Université Libre de Bruxelles (ULB),Belgium,Université libre de Bruxelles,90.6,
Wroclaw University of Science and Technology (WUST),Poland,Wrocław University of Science and Technology,90.5,
Université de Caen Normandie,France,Université de Caen Basse-Normandie,90.3,
Universität Erlangen-Nürnberg,Germany,University of Erlangen-Nürnberg,90.0,
Vrije Universiteit Brussel (VUB),Belgium,Vrije Universiteit Brussel,89.7,
CEU University,Spain,IE University,88.9,
University of Modena and Reggio Emilia,Italy,University of Modena and Reggio Emilia (UNIMORE),88.4,
Università degli studi di Bergamo,Italy,Università degli Studi di BRESCIA,87.9,
Lappeenranta-Lahti University of Technology LUT,Finland,Lappeenranta-Lahti University of Technology (LUT University),87.9,
University of Bari,Italy,University of Sassari,87.2,
University Complutense Madrid,Spain,Universidad Complutense de Madrid,87.1,
Nicolaus Copernicus University,Poland,Nicolaus Copernicus University in Toruń,87.0,
Universitat de Valencia,Spain,Universitat de Lleida,86.4,
Università  degli Studi di Palermo,Italy,Università degli Studi di PAVIA,86.2,
Université Paris 2 Panthéon-Assas,France,Université Panthéon-Assas,86.2,
Universität Freiburg,Germany,University of Freiburg,85.7,
Alexandru Ioan Cuza University,Romania,"""Alexandru Ioan Cuza"" University of Iași",85.7,
Politecnico di Bari,Italy,Politecnico di Torino,85.0,
Universita' Politecnica delle Marche - UNIVPM,Italy,Università Politecnica delle MARCHE,85.0,
Wageningen University & Research,Netherlands,Wageningen University and Research Centre,84.9,
Adam Mickiewicz University,Poland,Adam Mickiewicz University in Poznań,83.9,
Universitat Politècnica de Catalunya,Spain,Universidad Politécnica de Cartagena,83.3,
Technische Universität Braunschweig,Germany,Technische Universität München,83.1,
Universita' degli studi di Salerno,Italy,Università degli Studi di SIENA,83.1,
Universidad de Córdoba - España,Spain,Universidad de Córdoba,83.0,
Universität Jena,Germany,Universität Vechta,82.4,
Jagiellonian University,Poland,Jagiellonian University in Cracow,82.1,
Universita' degli Studi di Ferrara,Italy,Università degli Studi di FOGGIA,81.8,
Institut Polytechnique de Paris,France,Institut Catholique de Paris,81.4,
Universität des Saarlandes,Germany,Universität des Saarlandes Saarbrücken,81.2,
Università della Calabria,Italy,University of Calabria,80.9,
Nantes University,France,Le Mans University,80.0,
Universität Düsseldorf,Germany,Universität Kassel,80.0,
Verona University,Italy,Marconi University,80.0,
Goethe Universität Frankfurt am Main,Germany,Johann Wolfgang Goethe-Universität Frankfurt am Main,79.5,
University POLITEHNICA of Bucharest,Romania,University of Bucharest,79.3,
Catania University,Italy,Humanitas University,78.9,
Paris Lodron University of Salzburg,Austria,University of Salzburg,77.2,
Pavol Josef Safarik University,Slovakia,Pavol Jozef Šafárik University in Košice,77.1,
Babes-Bolyai University,Romania,"""Babes-Bolyai"" University Cluj-Napoca",76.7,
Université Sorbonne Paris Nord,France,Université Sorbonne Nouvelle - Paris 3,76.5,
University of Zilina,Slovakia,University of Žilina in Žilina,76.0,
"Universita degli Studi ""G. D'Annunzio"" Chieti-Pescara",Italy,University G. d’Annunzío in Chieti-Pescara,75.8,
Leibniz Universität Hannover,Germany,Gottfried Wilhelm Leibniz Universität Hannover,75.7,
PSL University,France,PSL Research University,75.7,
Universidad del Pais Vasco,Spain,Universidad de Vigo,75.6,
AGH University of Krakow,Poland,University of Wrocław,75.6,
Université Paul-Valéry Montpellier 3,France,Université de Montpellier,75.4,
Lodz University,Poland,Kozminski University,74.3,
Università Vita-Salute San Raffaele,Italy,"Libera Università ""Vita Salute S.Raffaele"" MILANO",73.8,
Perugia University,Italy,Humanitas University,73.7,
Karl-Franzens-Universität Graz,Austria,Universität Graz,69.6,
University of Maynooth,Ireland,University of Limerick,68.2,
Universitat Jaume I,Spain,Universitat Ramón Llull,66.7,
Rheinisch-Westfälische Technische Hochschule Aachen,Germany,Ostbayerische Technische Hochschule Amberg-Weiden,66.0,
Cracow University of Technology of Tadeusz Kościuszko,Poland,Czestochowa University of Technology,65.2,
Alma Mater Studiorum - University of Bologna,Italy,University of Bologna,64.6,
Université Paul Sabatier Toulouse III,France,Université de Toulon,63.2,
"Trinity College Dublin, The University of Dublin",Ireland,Trinity College Dublin,62.9,
Johannes Kepler University Linz,Austria,University of Linz,61.2,
Sciences Po Paris,France,University of Paris,55.6,
University of Galway / Ollscoil na Gaillimhe,Ireland,University of Limerick,54.5,
Sorbonne University (merged from Paris IV & UPMC),France,University of Paris,52.9,
